Posted on: 2022-12-08; at: 14:06,AIRBYTEHQ,"Our not-so-secret weapons behind all the awesome videos on the Airbyte Youtube channel (https://t.co/mQ6LU9BZDb) and today's Move(data) conference: @RealChrisSean, @Chau_codes, and @allenfpascua!

don't forget to LIKE and SUBSCRIBE to get ALL the movedata video drops coming soon! https://t.co/aYP6nz5ewl https://t.co/1hJbC556RK",2022-12-08 14:06:49+00:00
Posted on: 2022-12-06; at: 02:51,AIRBYTEHQ,We love the @moderndatastack site + twitter account - and glad to be part of the hottest new data podcast in town! üëáüèº https://t.co/kLRNEJPNii,2022-12-06 02:51:47+00:00
Posted on: 2022-12-02; at: 16:59,AIRBYTEHQ,"What are the best Data Engineering newsletters?

https://t.co/5yNKfAOtvh  

Presenting the State of Data Engineering survey results, ahead of our Move(data) Conference next week!

Winners: @SeattleDataGuy, @bennstancil, @prukalpa, @itunpredictable, @madisonmaeorg https://t.co/kOzFTUNZWA",2022-12-02 16:59:21+00:00
Posted on: 2022-11-30; at: 20:33,AIRBYTEHQ,"move(data) 2022 is going to be the biggest Data Engineering conference yet! You don't wanna miss anything üòâ

Join us using the link below to secure your ticket now!

https://t.co/zvOAhp3BMe https://t.co/qhlGiqrr8C",2022-11-30 20:33:31+00:00
Posted on: 2022-11-29; at: 14:14,AIRBYTEHQ,"üêô  The biggest Data Engineering conference of the year starts in 1 week!

üó∫Ô∏è The entire Modern Data Landscape in one conf
‚úåÔ∏è Dual tracked for maximum pleasure
‚ö° Lightning talks only      

See the incredible lineup here:

https://t.co/n7VosW2MO3 

Have you registered yet?",2022-11-29 14:14:15+00:00
Posted on: 2022-05-25; at: 04:22,APACHEKAFKA,"CfP for Current (aka #KafkaSummit) 2022 in Austin, TX, is open. It‚Äôs exciting to see Kafka Summit extending its scope to the broader event streaming ecosystem!

https://t.co/Cm1LpUMeCV",2022-05-25 04:22:41+00:00
Posted on: 2018-06-22; at: 20:27,APACHENIFI,"@DataEngPodcast Our PMC and committers list is full of good people. For a start, @YolandaMDavis , @joewitt26 , @aldrinpiri , @mattgilman , @BBende , @trixpan , @kevdoran , @Ijokarumawak , @mattyb149 , and @yolopey are all options. https://t.co/xhGFskP6ha",2018-06-22 20:27:47+00:00
Posted on: 2021-04-29; at: 20:07,APACHESUPERSET,"#MayThe4th is coming up! 

What's that? We should do a @starwars themed Superset community event?

Way ahead of you! üëá

https://t.co/e95uV2e8jT https://t.co/LcLFxkDeqi",2021-04-29 20:07:40+00:00
Posted on: 2021-04-06; at: 23:56,APACHESUPERSET,"Join us April 13th for the next Superset community event!

@bitsondatadev will do a fun demo visualizing data from joined from @MongoDB and @ApachePinot using @trinodb and @apachesuperset üìà

Sign up here: https://t.co/JtdDefWKAK",2021-04-06 23:56:15+00:00
Posted on: 2023-01-17; at: 21:25,AWSCLOUD,"Today‚Äôs episode of the #TheOfficialAWSPodcast is here. üéôÔ∏è Tune in to learn about #AWS Lambda SnapStart for Java, delivering up to 10x faster function startup performance. üéß‚û°Ô∏èüîó https://t.co/JgVutSd1H9 #CloudComputing #Developer https://t.co/RIkvUkA8Dt",2023-01-17 21:25:13+00:00
Posted on: 2023-01-09; at: 17:16,AWSCLOUD,"Time for the latest episode of the #TheOfficialAWSPodcast! üé§ 

The #AWS Wickr team &amp; @simon_elisha explain safeguarding enterprise customers sensitive communications &amp; address evolving regulations with a combination of security &amp; administrative features.

https://t.co/mxjjs8Ze8W https://t.co/vQW7CsJa5A",2023-01-09 17:16:29+00:00
Posted on: 2022-12-28; at: 15:01,AWSCLOUD,"It's time for the latest episode of #TheOfficialAWSPodcast that's all about Amazon Athena for Apache Spark! 

We chat with the team to learn how this service can help you analyze petabytes of data in under a second. ‚è±Ô∏èüë©‚Äçüíª #AWS Listen now! üéßüëâ https://t.co/VXsljWBD3p https://t.co/sme7vY1HaR",2022-12-28 15:01:23+00:00
Posted on: 2022-12-27; at: 15:28,AWSCLOUD,"The choice is clear. üíé Build reliable and scalable applications, with less risk, on event-driven architectures with #AWS. ‚å®Ô∏èüì≤üåê #CloudComputing #Developer Read the guide. üîó https://t.co/0X7ESIJPhS https://t.co/jgJnjkn7dD",2022-12-27 15:28:12+00:00
Posted on: 2022-12-20; at: 15:28,AWSCLOUD,Partner with #AWS Training and Certification and provide your teams with skills for modern application container management and serverless architecture. ‚òÅÔ∏èü§ùüë• #CloudComputing #Developer https://t.co/4nKLEOt2tW https://t.co/hhbkNCfRtw,2022-12-20 15:28:11+00:00
Posted on: 2022-12-19; at: 18:21,AWSCLOUD,"In today's episode of #TheOfficialAWSPodcast you'll hear how Amazon QuickSight Paginated Reports let you create, schedule, &amp; share highly formatted, critical reports at scale. ‚òÅÔ∏èüíªüìà #AWS #CloudComputing #Developer Listen now. üéß‚û°Ô∏è https://t.co/vbnKAVWOT6 https://t.co/1QBdGcQRKi",2022-12-19 18:21:00+00:00
Posted on: 2023-01-24; at: 17:00,AZURE,Migrating to #Azure can drive business value and improve ROI. Learn how from Microsoft experts in this webinar: https://t.co/UopA4753R5 https://t.co/lGJzIbd3dh,2023-01-24 17:00:03+00:00
Posted on: 2023-01-23; at: 21:30,AZURE,"Annual renewals of your Microsoft Certification are quick, free, and unproctored.

Ready to renew? Get started: https://t.co/kdt1GyOCLj #MSDev https://t.co/wxO26K9PDi",2023-01-23 21:30:01+00:00
Posted on: 2023-01-17; at: 23:30,AZURE,Microsoft and Dynatrace are teaming up to share how Azure Native Dynatrace Service can help you modernize and innovate faster. Join the webinar on January 18th to learn more: https://t.co/Ic0qxngOlu https://t.co/WAaWIjK7VB,2023-01-17 23:30:01+00:00
Posted on: 2023-01-17; at: 17:00,AZURE,"Learn the fundamentals of #Kubernetes to operate applications at scale with ease.

Tune in for this interactive webinar to learn the basics, enable faster development, and use containerized workloads: https://t.co/Fjk86ka6mb",2023-01-17 17:00:00+00:00
Posted on: 2023-01-10; at: 20:00,AZURE,"üåÖ It‚Äôs your time to shine!

Start learning #Azure today with new role-based guides that feature learning courses, certifications, and more: https://t.co/WLfaeL6PAr #DevLearning https://t.co/Pnth7HzITm",2023-01-10 20:00:18+00:00
Posted on: 2023-01-08; at: 18:00,AZURE,"Interact directly with the #Azure Database for MySQL product group through a new series of monthly live webinars! 

Join the upcoming session on January 11 at 7:30 AM PT to learn about migration, get demos of new features, and more: https://t.co/3mvXNBQ7i5",2023-01-08 18:00:00+00:00
Posted on: 2023-01-18; at: 17:30,AZURE_SYNAPSE,"To deliver actionable insights you need an #analytics foundation that brings all your #data together in a cohesive view.

Join our webinar on February 21 to learn how to drive innovation and modern analytics in your business: https://t.co/ow4bZAfRxx

#DataGovernance #AzureSynapse",2023-01-18 17:30:01+00:00
Posted on: 2022-12-29; at: 16:58,AZURE_SYNAPSE,"#AzureSynapse community and #SynapseInfluencers: comment below üëá to let us know some of your top highlights and lessons learned in 2022. 

Maybe you gained a new skill, earned a new certification, or attended your first community event. We want to hear it!

#Data #Analytics",2022-12-29 16:58:55+00:00
Posted on: 2022-12-16; at: 16:00,AZURE_SYNAPSE,Relive our first-ever in-person #SynapseInfluencers Ask The Experts session live from #PASSDataCommunitySummit! Watch the recorded session with @bobwardms and @SQLBoyWonder where they answer #AzureSynapse-related questions from conference attendees: https://t.co/2UkXE3DAvI,2022-12-16 16:00:01+00:00
Posted on: 2022-12-13; at: 18:19,AZURE_SYNAPSE,"In this month's MVP series video, @RMajidimehr is joined by two MVPs, @victoria_holt and @MrAndyCutler, to talk about the upcoming #AzureSynapse conference called @datatoboggan: https://t.co/DHRbGzp6wN

#Azure #Analytics #DataToboggan",2022-12-13 18:19:39+00:00
Posted on: 2022-11-18; at: 17:39,AZURE_SYNAPSE,"üíªüì¢ Join us on December 6 for our Unlock Innovation with #Analytics webinar where we will be discussing how the #Microsoft Intelligent Data Platform can help you build an enduring, modern #data and analytics ecosystem: https://t.co/9PW7BFDDSg",2022-11-18 17:39:20+00:00
Posted on: 2022-11-18; at: 00:27,AZURE_SYNAPSE,"Thanks to our speakers @bobwardms and @SQLBoyWonder for a great Ask the Experts session, and a special thank you to all of our attendees for making this first in-person event a success!

If you're not already signed up, become a #SynapseInfluencer today: https://t.co/dp94SbdVoJ https://t.co/JpA62Q6nSE",2022-11-18 00:27:02+00:00
Posted on: 2022-11-17; at: 21:06,AZURE_SYNAPSE,"üëÄ Here's a sneak peek of all the #SynapseInfluencers swag we'll be giving away at today's #AzureSynapse Ask the Experts event taking place LIVE at #PASSDataCommunitySummit with @bobwardms and @SQLBoyWonder!

Join us in the #Microsoft booth at 2PM to grab yours! https://t.co/Y4IW4TbEHK",2022-11-17 21:06:01+00:00
Posted on: 2023-01-19; at: 15:51,CLICKHOUSEDB,"Don‚Äôt miss our webinar with @dbt_labs on Jan 24! Learn how to combine the strengths of dbt and ClickHouse as well as the best practices and gotchas of using the ClickHouse - dbt connector in production.

https://t.co/8c7aIJ5one",2023-01-19 15:51:27+00:00
Posted on: 2023-01-02; at: 17:07,CLICKHOUSEDB,"Join our webinar on Jan 24th and learn how to use @getdbt to transform data in ClickHouse. We will cover best practices for using the ClickHouse - dbt connector in production with plenty of time for Q&amp;A. 

https://t.co/UW5ninMDZL",2023-01-02 17:07:51+00:00
Posted on: 2022-12-14; at: 15:38,CLICKHOUSEDB,"grace_hash JOINs, configurable password complexity, experimental deduplication on async inserts‚Ä¶and more! It‚Äôs a holiday celebration on tomorrow‚Äôs ClickHouse release webinar. Register now for the event and bring your questions.

https://t.co/sGnXibar2V",2022-12-14 15:38:50+00:00
Posted on: 2022-11-09; at: 18:27,CLICKHOUSEDB,"22.11 is almost here! Join us for a release webinar on November 17 and hear from Alexey directly. The calls are always exciting, and the community chat and Q&amp;A lively. Come prepared with your questions for the team.

https://t.co/7xupyneFF3 https://t.co/jEpUTUmxMY",2022-11-09 18:27:29+00:00
Posted on: 2023-01-25; at: 22:05,CONFLUENTINC,"ü§î What is a Kafka Consumer? 
Producers write events to Apache Kafka, while consumers read and process these events. @TheDanicaFine explains how consumers work and how to configure them.  
Check out the full #KafkaOnTheGo series ‚Üí https://t.co/R6JeVZllIf https://t.co/xrEivKusN8",2023-01-25 22:05:05+00:00
Posted on: 2023-01-24; at: 13:31,CONFLUENTINC,"Registration for #KafkaSummit London 2023 is open! üéä
Get ready to join the @apachekafka community to share best practices, learn how to build next-gen systems, and discuss the future of event streaming!
Take advantage of early bird pricing. üëâ https://t.co/2jdcURnwRE https://t.co/pLcraQNPFa",2023-01-24 13:31:48+00:00
Posted on: 2023-01-23; at: 17:05,CONFLUENTINC,"Want to learn how to build a scalable data application using a serverless event driven architecture?
Come check out how @HelloExtend pairs our platform with @AWScloud Lambda to build scalable data applications that are redefining their industry! üëâ https://t.co/uXU9cNQ8VA https://t.co/RuxSiteJr7",2023-01-23 17:05:03+00:00
Posted on: 2023-01-13; at: 20:05,CONFLUENTINC,"Want to learn how to plan schema evolution for your data?

How to prevent poisoning your data pipelines?

Or maybe how to replicate your schemas between Confluent Cloud clusters?

We can teach you! 

Sign up for our live, interactive workshop. üëâ https://t.co/luwkVnVdAq https://t.co/zBIvVChQom",2023-01-13 20:05:03+00:00
Posted on: 2023-01-12; at: 18:02,CONFLUENTINC,"Do you have a great #datastreaming story to share? 

The #Current23 call for papers is now open! üéâ

Submit your abstract and get ready to take the stage at the only data streaming industry conference. üëâ https://t.co/F42FPJTt6X https://t.co/lG7Yoxq8QH",2023-01-12 18:02:33+00:00
Posted on: 2023-01-11; at: 19:06,CONFLUENTINC,"Producers are the way you get data into @apachekafka.

In the next #KafkaOnTheGo, @krisajenkins explains how producers write events to your clusters. 

For more on the core concepts of #ApacheKafka check out the full #KafkaOnTheGo series: https://t.co/9SjvtBesiA https://t.co/IPttrQSfjr",2023-01-11 19:06:08+00:00
Posted on: 2022-12-30; at: 17:05,CONFLUENTINC,Java-averse and looking for an easier way to process your real-time data? Learn more about @ksqlDB‚Äîthe event streaming database for @apachekafka that lets you write streaming queries against Kafka and extend your results via REST ‚û°Ô∏è https://t.co/EaxYijWmWa https://t.co/cVCuKRjevZ,2022-12-30 17:05:03+00:00
Posted on: 2022-12-27; at: 16:59,CONFLUENTINC,"Events are at the ‚ô•Ô∏è of #ApacheKafka. 
But how do Kafka events work? @TheDanicaFine explains it all in 1 minute.
For more on the core concepts of @apachekafka check out the full #KafkaOnTheGo series here ‚Üí https://t.co/C9IMG5p9NL https://t.co/HJCViH3fjV",2022-12-27 16:59:51+00:00
Posted on: 2022-12-20; at: 19:05,CONFLUENTINC,Wondering how to write events using the @apachekafka producer API? Follow along in this introductory course and learn more: https://t.co/xEmoDxGZLe https://t.co/ItKzq5j2Tw,2022-12-20 19:05:02+00:00
Posted on: 2022-12-17; at: 17:05,CONFLUENTINC,‚å®Ô∏è Next up: Experiment using @apachekafka partitions to break up Kafka topics and distribute event data across multiple nodes in your cluster with @TheDanicaFine in this 101 hands-on exercise. Learn more: https://t.co/o3upZM5vjb https://t.co/RHrRw4mgwu,2022-12-17 17:05:02+00:00
Posted on: 2022-12-15; at: 17:00,CONFLUENTINC,Searching for key factors to consider when building an event-driven architecture? @AdamBellemare discusses the 4 dimensions of events and designing event streams along with best practices on #StreamingAudio hosted by @krisajenkins. Learn more: https://t.co/Q7yhBgbInp https://t.co/mjhMpVrEwR,2022-12-15 17:00:57+00:00
Posted on: 2022-12-14; at: 19:16,CONFLUENTINC,"Got 1 minute?‚è±
Learn core concepts in @apachekafka, explained by our roving band of Dev Advocates in our new series #KafkaOnTheGo. 
@TheDanicaFine breaks down the üîë question: What are Kafka events?
Catch the full series here ‚Üí https://t.co/C9IMG5oBYd https://t.co/BCVPT4te9q",2022-12-14 19:16:20+00:00
Posted on: 2022-12-14; at: 00:05,CONFLUENTINC,"Explore how an event-driven #datamesh reduces barriers between operational and analytical use-cases, while simultaneously enabling both real-time applications and batch-based jobs. 
üìï Get the Ebook https://t.co/DJp0KfJlvj https://t.co/xWr9l1B2l8",2022-12-14 00:05:02+00:00
Posted on: 2022-12-13; at: 20:05,CONFLUENTINC,"Knock out your 2022 learning goals with #ApacheKafka 101! Get an introduction to @apachekafka events‚Äînotification and state, serialization and deserialization, ingestion, along with other basics on Confluent Developer ‚Üí https://t.co/dpa0yYPV9n https://t.co/hmpPv12yIM",2022-12-13 20:05:03+00:00
Posted on: 2022-12-12; at: 21:00,CONFLUENTINC,"Join us Wed, Dec 14th at 4 pm PDT for a #KafkaMeetup on #DataMesh. We'll cover:
üîπThe principles of data mesh and event-driven data products
üîπA prototype showcasing the implementation of Data Mesh, based on Confluent Cloud
RSVP here üëâ https://t.co/SkEzppQfLp https://t.co/CtB8EbPOjP",2022-12-12 21:00:57+00:00
Posted on: 2022-12-05; at: 20:05,CONFLUENTINC,"The #datamesh concept is relatively new but the problems it proposes to solve are not. Our üÜï Ebook covers the historical issues of data access, how data mesh architecture can solve these problems, and how event streams play into this modern data stack. https://t.co/DJp0KfJlvj https://t.co/nWS5RsyerP",2022-12-05 20:05:02+00:00
Posted on: 2022-06-14; at: 17:37,DASK_DEV,As part of the @dask_dev rebrand we have refreshed our YouTube channel https://t.co/8aOomr7Dcy. Here is a new video from a recent event @odsc  https://t.co/9Msp7pNiE5,2022-06-14 17:37:04+00:00
Posted on: 2023-01-20; at: 17:00,DAGSTER,"Catch Jonathan Neo from @canva at this year's Data Teams Summit on Jan 25th as he presents:

""The future of data orchestration: asset-based orchestration""

Featuring @getdbt , @AirbyteHQ , and @dagster

The event is free, virtual, and you can sign up here: https://t.co/P5fjAQeeN2",2023-01-20 17:00:34+00:00
Posted on: 2023-01-19; at: 21:49,DAGSTER,"During this event you will hear from practitioners, implementation partners and the Elementl team on the benefits of making this transition, a review of the tooling, plus user case studies.

https://t.co/Sd6hjD6Ly7",2023-01-19 21:49:05+00:00
Posted on: 2023-01-04; at: 22:45,DAGSTER,"Finally, we are planning a showcase event in February to share case studies and practical hands-on guides for teams looking to make this migration.

Sign up for our newsletter and stay in the loop on all the details!

6/6

https://t.co/MZr1znEZZO",2023-01-04 22:45:08+00:00
Posted on: 2023-01-04; at: 22:45,DAGSTER,"Looking to migrate away from Apache Airflow? With Dagster, we provide built-in utilities to help you seamlessly transition away from the legacy platform.

Here are four new resources and an upcoming event to help teams migrate to Dagster!

üßµ 1/6 https://t.co/Nu5OVu74la",2023-01-04 22:45:04+00:00
Posted on: 2022-12-22; at: 20:16,DAGSTER,"Many ETL workflows start off as scripts.

After building these scripts, you need to put them into production. You want things like...

‚è±Ô∏è Event or schedule-based triggers
üîç Observability into your computations and data

and more!

Dagster provides all of this out-of-the-box. https://t.co/bVBQ2Mn3YG",2022-12-22 20:16:47+00:00
Posted on: 2022-12-06; at: 14:00,DAGSTER,"Join us for this special virtual event.  Add the reminder to your calendar here:
Google: https://t.co/UXo5sIwzsS
Office365: https://t.co/l4gsJa5coz
iCal: https://t.co/sSg7M6y6G7
Yahoo: https://t.co/pMrpggz0pv",2022-12-06 14:00:04+00:00
Posted on: 2022-12-05; at: 17:44,DAGSTER,"Join us for this special virtual event.  Add the reminder to your calendar here:
Google: https://t.co/UXo5sIwzsS
Office365: https://t.co/l4gsJa5coz
iCal: https://t.co/sSg7M6y6G7
Yahoo: https://t.co/pMrpggz0pv",2022-12-05 17:44:26+00:00
Posted on: 2023-01-03; at: 17:13,DBT_LABS,New or intermediate @Snowflake developer? We've teamed with @MTL_analytics and Snowflake on a webinar that discusses using dbt to get the most of out Snowflake's flexible compute model. Join us on January 18 to learn more üëâ https://t.co/4OAL8oucXv,2023-01-03 17:13:59+00:00
Posted on: 2022-10-17; at: 19:39,DBT_LABS,"Congrats and üéâto all 2022 Gold dbt Certification Award winners, each with 10-19 team members certified!
üèÖ@analytics8
üèÖ@Atos
üèÖ@JoonSolutions
üèÖ@WeAreServian

Full winner list on the way https://t.co/QzdN5ES6vQ
#dbtPartnerDay #dbtCoalesce",2022-10-17 19:39:00+00:00
Posted on: 2022-10-17; at: 19:35,DBT_LABS,"Congrats and üôå to 2022 Platinum dbt Certification Award winners, each with 20+ team members certified! 
üèÖ @BrooklynData
üèÖ @indicium_tech
üèÖInfinite Lambda
üèÖ @MTL_Analytics

Full winner list on the way https://t.co/hLIbZX0HAv
#dbtPartnerDay #dbtCoalesce",2022-10-17 19:35:15+00:00
Posted on: 2022-10-17; at: 19:33,DBT_LABS,"Congrats and üëè to all 2022 Silver dbt Certification Award winners, each with 5-9 team members certified!
üèÖ@AimpointDigital
üèÖHiflylabs
üèÖ@knowitab
üèÖ@phdatainc

#dbtPartnerDay #dbtCoalesce
Full winner list on the way https://t.co/ajtliySR8B",2022-10-17 19:33:20+00:00
Posted on: 2022-09-19; at: 11:44,DBT_LABS,"Batter up! We're joining Cleartelligence, Inc.for their 7th annual ""Chart Champ"" event on Sep 22 at the iconic Fenway Park in Boston, MA. For analysts creating visualizations or data engineers working on ELT and cloud warehousing, come and hit a grand slam with your data stack https://t.co/65QguKyj0i",2022-09-19 11:44:00+00:00
Posted on: 2022-07-20; at: 12:32,DBT_LABS,"Hello UK üá¨üáß!! 

We‚Äôre excited to announce that we‚Äôll be at #BigDataLDN, the UK‚Äôs leading data and analytics event on September 21-22. Register now https://t.co/6SQfp78rz9",2022-07-20 12:32:49+00:00
Posted on: 2022-06-07; at: 15:10,DBT_LABS,"If you‚Äôre heading to #SnowflakeSummit in Vegas next week, we can have our next meeting in-person ü§ó! 

We‚Äôre going to have a major presence at this year‚Äôs conference, check out what we‚Äôll be up to here ‚û°Ô∏è  https://t.co/LONLJoRGg6",2022-06-07 15:10:52+00:00
Posted on: 2022-04-26; at: 18:09,DBT_LABS,"Want to see dbt in action üëÄ? Join this webinar on May 3rd to hear from Lucid on how they used the data cloud to build a unified view of multiple data sources across their enterprise.

Sign up ‚û°Ô∏è https://t.co/X1W66ZW5jI",2022-04-26 18:09:23+00:00
Posted on: 2021-12-07; at: 14:00,DBT_LABS,"Attend dbt 101 at #dbtcoalesce yesterday? We now have 5 free courses live in the dbt Learn portal!

üßÆ¬† Fundamentals (+ get a badge for LinkedIn)
‚ú®¬†Materializations
üå±¬†Analyses &amp; Seeds
üéÅ¬†Macros and packages
üîÅ¬†Refactoring for modularity

Check it out: https://t.co/JYgEXaaQMf https://t.co/ng0PyVCNsG",2021-12-07 14:00:30+00:00
Posted on: 2021-09-15; at: 13:32,DBT_LABS,"dbt Labs ‚ù§Ô∏è open source.

That‚Äôs why we‚Äôre joining some friends to discuss open source data strategy on Sept 28-30. Don‚Äôt miss @j_schottenstein, current PM (and podcast co-host) at dbt Labs, former VC, and all-around open source savvy human. 

https://t.co/dUabLJu2Ne",2021-09-15 13:32:34+00:00
Posted on: 2020-09-08; at: 14:09,DBT_LABS,"We're not going to spill the beans yet, but there is a pretty cool session in the works with our CEO, @jthandy and some *very important* people in the data space. 

Looking forward to being part of this event. https://t.co/9MpflucjKi",2020-09-08 14:09:00+00:00
Posted on: 2020-09-03; at: 16:03,DBT_LABS,"Our Director of Customer Success, Erin Vaughn, will be joining Emily Hawkins from Drizly to talk about why so many data teams love Looker + dbt.

Register for the event here: https://t.co/I7JoA6jKxv",2020-09-03 16:03:01+00:00
Posted on: 2020-09-01; at: 17:20,DBT_LABS,"Coalesce is baaaaaaaaack!

The first dbt community conference. 

We're excited to learn with you.

#dbtcoalesce

https://t.co/NOxzj36ijo https://t.co/XusLm1kXxG",2020-09-01 17:20:34+00:00
Posted on: 2023-01-10; at: 14:18,DEEPMIND,"We‚Äôre thrilled that DeepMind: The Podcast has won Best Host in Listener's Choice for @FryRSquared at the @SignalAwards! üèÜ

Thank you to everyone who voted for us. ü§ù 

We‚Äôve also won silver in 3 categories, including Science &amp; Education and Technology. ü•à https://t.co/DD2cu3iQNR https://t.co/wIIVetbPje",2023-01-10 14:18:03+00:00
Posted on: 2022-12-21; at: 13:50,DEEPMIND,"üì¢ Last chance to vote for DeepMind: The Podcast at the @SignalAwards!

We need your help to win Listener‚Äôs Choice in 3Ô∏è‚É£ categories:

üü¢ Science &amp; Education
‚ö° Technology
¬†üéôÔ∏è Best Host for @FryRsquared

Vote now: https://t.co/gRDGX7NGUk https://t.co/q74ZveAe3C",2022-12-21 13:50:15+00:00
Posted on: 2022-12-15; at: 12:16,DEEPMIND,"üéôÔ∏è Best Host

We partnered with the brilliant mathematician and broadcaster @FryRSquared to bring the DeepMind podcast to life.

Enjoyed the series too? Vote here: https://t.co/J9vecvUZuz #SignalAwards https://t.co/m5HIb78DQX",2022-12-15 12:16:11+00:00
Posted on: 2022-12-15; at: 12:16,DEEPMIND,"üì¢ Calling all fans of DeepMind: The Podcast! We‚Äôre thrilled to be finalists in the inaugural @SignalAwards‚Ä¶

And we need your help to win Listener‚Äôs Choice. üèÜ

You can vote for us in 3Ô∏è‚É£ different categories. Here‚Äôs how. ‚¨áÔ∏è https://t.co/qbZu2aXdLq https://t.co/6hG7GCfxPC",2022-12-15 12:16:10+00:00
Posted on: 2022-12-08; at: 14:00,DEEPMIND,"Our team will present this work at @LogConference as a spotlight talk:
üìÖ 9 December
‚åö 5.40pm GMT

Want to join us? Save your spot now: https://t.co/6rgyknMhmW",2022-12-08 14:00:18+00:00
Posted on: 2022-11-28; at: 15:30,DEEPMIND,"Throughout the conference, you‚Äôll get to find out about:

‚úñÔ∏è #AlphaTensor discovering faster matrix multiplication algorithms
üîµ How #AlphaCode can write computer programs at a competitive level
üìπ Self-supervised video learning using VITO

And more: https://t.co/zdllnNuQpp",2022-11-28 15:30:06+00:00
Posted on: 2022-11-28; at: 15:30,DEEPMIND,"Welcome to #NeurIPS2022, the world‚Äôs largest AI conference! üåê

DeepMind will be presenting over 40 research papers, hosting ten demos and supporting workshops with partners.

üëã Come visit us and say hi!
üìçBooth #609, Hall G https://t.co/1feb5t9uZu",2022-11-28 15:30:05+00:00
Posted on: 2022-06-16; at: 15:37,DRUIDIO,"The first local edition of Druid Summit is taking place in Sydney on June 23. Don't miss the opportunity to learn from data experts from @Atlassian, @Paytm &amp; @confluentinc in this half-day event dedicated to #ApacheDruid. Register today (it's free!): https://t.co/vnYVZmNlot",2022-06-16 15:37:52+00:00
Posted on: 2022-03-23; at: 15:50,DRUIDIO,Save the date! @petermarshallio will be delivering his first #ApacheDruid talk at the DevOps Experience Brazil event. It's happening virtually on 31 March at 10am BRT. Register here: https://t.co/jxQEMdDKNH,2022-03-23 15:50:24+00:00
Posted on: 2022-03-16; at: 23:46,DRUIDIO,"Developers, this is for you! Imply and @confluentinc are co-hosting this virtual event on 17 March. Don‚Äôt miss learning how you can use #ApacheDruid &amp; @apachekafka to build apps that bring together streaming data + interactive analytics. 
Register here: https://t.co/Wkgt0A2jO9",2022-03-16 23:46:51+00:00
Posted on: 2023-01-13; at: 17:00,ELASTIC,"Our biggest virtual user conference of the year is back...and free to attend!

Join us at #ElasticON Global on March 7-8 to access all new technical deep dives, live hands-on workshops, user stories and more. Register here: https://t.co/yiefrF7iMi https://t.co/xjcqyLmhhP",2023-01-13 17:00:06+00:00
Posted on: 2022-12-13; at: 21:20,ELASTIC,"Step 1: Once you‚Äôve created a user log in, add custom info to click through events. See how: https://t.co/XfEh0QVKiO https://t.co/sY8nDrvaWL",2022-12-13 21:20:08+00:00
Posted on: 2022-11-08; at: 21:15,EXPECTGREATDATA,"Our next Community Event is Tues, Nov. 15 at 12pm EDT! Join us to hear community celebrations, a roadmap update, and a company use case for GX! https://t.co/OZeJYNCsdx",2022-11-08 21:15:34+00:00
Posted on: 2022-09-13; at: 22:40,EXPECTGREATDATA,"Our next Community Event is Tuesday, Sept 20th @ 12:00 pm (EDT), with one major presentation: our CTO @jpcampbell42 will be presenting a new Great Expectations feature, Data Assistants! Get the invite: https://t.co/skrc7q2nLy",2022-09-13 22:40:38+00:00
Posted on: 2022-08-16; at: 17:07,EXPECTGREATDATA,‚ÄúData flowing through in a way that‚Äôs unexpected is gonna break your app.‚Äù Listen to our co-founder and head of partnerships @bhcas talk with @jpruth about broken apps and #dataquality on the new @InformationWeek 2-Minute Toolkit Podcast üëâ https://t.co/FdhjDvQ6Zb,2022-08-16 17:07:06+00:00
Posted on: 2022-09-08; at: 20:28,GETDBT,"üéüÔ∏è @coalesceconf is offering Coalesce Hub Scholarships sponsored by @workstreamhq and @fivetran. 

üôãEveryone deserves the chance to attend conferences like #dbtCoalesce and pursue a career path in data.

‚úçÔ∏è Apply here by September 16 EOD.  https://t.co/pGEWkg582i",2022-09-08 20:28:57+00:00
Posted on: 2022-08-03; at: 15:07,GETDBT,"Gotüéñdbt certification* on your summer to-do list?
üìöNow available: a study guide with tips from the dbt Labs team. 

(*nope, not that other DBT certification)

Get the goods‚¨áÔ∏è
https://t.co/NmtttD5TRF https://t.co/IpH7mbg9lR",2022-08-03 15:07:19+00:00
Posted on: 2023-01-21; at: 18:02,GITHUB,"Tune into The ReadME Podcast to hear from @sudobunni about livestreaming and chasing inspiration. Plus, decluttering for developers, open source mentors, and the 6-month effort to define GitOps. https://t.co/cXOLBjabc1 https://t.co/SW0dxcMMfV",2023-01-21 18:02:27+00:00
Posted on: 2023-01-20; at: 15:09,GITHUB,"Minimalism is an approach that helps developers not just focus on what matters, but also avoid the hidden traps of complexity. Find out more in our latest ReadME Podcast episode: https://t.co/9wyQF9Lccr https://t.co/YbQd64tZzi",2023-01-20 15:09:40+00:00
Posted on: 2023-01-13; at: 16:59,GITHUB,"Functional programming, the role of open source in game dev and much, much more‚Äîcheck out the last episode of The ReadME Podcast. 

Stay tuned for our next episode coming this Tuesday. 
https://t.co/L7WOT4YHyN",2023-01-13 16:59:33+00:00
Posted on: 2023-01-13; at: 00:48,GITHUB,New this week: Project events in your Issue and Pull Request timelines + Issue Form updates üëÄ https://t.co/rcAcOapMJm https://t.co/gfCOW8szOi,2023-01-13 00:48:05+00:00
Posted on: 2023-01-22; at: 00:44,GOOGLECLOUD,"@harkal444 Hello Siddheshwar! Thanks for reaching out, we're sorry to hear you have not received your certification. Could you please DM us your email address, your ticket number and the date when it was completed? We'll gladly take a look. -SR https://t.co/0GGxaO38T2",2023-01-22 00:44:29+00:00
Posted on: 2023-01-21; at: 22:06,GOOGLECLOUD,@pavantiwari21 Thanks for the details. Can you please DM us the email address you used to sign up for the certification and the best contact information to reach out to you? We'll be glad to check this with our team. -VR,2023-01-21 22:06:18+00:00
Posted on: 2023-01-21; at: 21:32,GOOGLECLOUD,"@pavantiwari21 Hello Pavan, thanks for reaching us out, sorry to read about the issue. Have you contacted our Certification Team through this form https://t.co/tMxg79vCee and received a case number? They might take a few days to reply, if you haven't, please submit it, so we can help you -VR",2023-01-21 21:32:44+00:00
Posted on: 2023-01-12; at: 20:46,GOOGLECLOUD,"The 2023 Modern Architecture and API Leadership Forum calendar is taking shape.

This one day VIP invitation only event brings together modern architecture and API leaders who are architecting the future.

Register for updates on the 2023 calendar ‚Üí https://t.co/LEzElz0S3e https://t.co/CZCaPHtZsU",2023-01-12 20:46:58+00:00
Posted on: 2023-01-10; at: 05:25,GOOGLECLOUD,"@VarunHasteer Thank you for the details, it seems that the delay on this it seems there is an enormous affluence of certification from December high volume, and we will soon release all certificates,We appreciate your patience on this matter.
 -JG",2023-01-10 05:25:45+00:00
Posted on: 2023-01-09; at: 06:09,GOOGLECLOUD,@VarunHasteer Thanks for clarifying. You may use this form https://t.co/XrDlaYQlYI to contact our certifications support team. Cheers! -EC,2023-01-09 06:09:55+00:00
Posted on: 2023-01-18; at: 19:41,GRAFANA,"If you couldn‚Äôt join us in NYC for #ObservabilityCON we‚Äôve got some great news. We‚Äôre taking the show on the road!  

Sign up here and be the first to know when registration opens for an event near you.
https://t.co/hmdqH7sOCU https://t.co/hAvQtMl0OJ",2023-01-18 19:41:20+00:00
Posted on: 2023-01-12; at: 18:29,GRAFANA,"We are incredibly honored to share that Grafana's Big Tent podcast is the winner of the DevOps Dozen 2022 award for Best DevOps Related Podcast (audio only).  You can check out the entire first season of The Big Tent here and watch for season 2 coming soon
https://t.co/MeNzuZQrDV https://t.co/GoODHBRYjQ",2023-01-12 18:29:48+00:00
Posted on: 2023-01-12; at: 16:32,GRAFANA,@jupiter72024681 Thanks for reaching out.  Our team would love to talk more about this event and the community with you.  Feel free to drop us an email at community@grafana.com so we can chat.,2023-01-12 16:32:57+00:00
Posted on: 2023-01-09; at: 20:03,GRAFANA,"We recently released a new feature in Grafana Machine Learning that helps users improve their forecasts: Holidays.  Account for predictable shifts in your data by telling the model when events have occurred in the past, and when they will occur again.
https://t.co/s3pih4L3Ek",2023-01-09 20:03:41+00:00
Posted on: 2023-01-09; at: 11:01,GRAFANA,"Grafana Loki for log aggregation has seen a great uptick in adoption, with more  users benefiting from its small index, ease of use, and cost effectiveness. Join us January 26 for this webinar on getting started with logging and Grafana Loki
https://t.co/mOPlGKDIUm https://t.co/fHcbOqblhU",2023-01-09 11:01:05+00:00
Posted on: 2023-01-05; at: 17:06,GRAFANA,"In this tutorial, you'll learn how you can use the grafana_agent Ansible role to simultaneously deploy and manage Grafana Agents across eight Linux hosts and eventually monitor them using Grafana Cloud.

https://t.co/ZICKNEDtLz",2023-01-05 17:06:56+00:00
Posted on: 2023-01-05; at: 16:53,GRAFANA,"We started the open source Loki project to solve the problems of logging solutions that don't scale well or are difficult to secure.  Join us Jan 25th for this webinar on how to scale and secure your logs with Grafana Loki.
https://t.co/uifVAyFdkM https://t.co/eB3tCsbMC2",2023-01-05 16:53:06+00:00
Posted on: 2023-01-03; at: 16:50,GRAFANA,"Laws for data privacy are complex and rapidly changing. During this Jan 18th webinar, we will learn how you can integrate Grafana Loki in your enterprise privacy strategy.
https://t.co/LmrPhjEGRA https://t.co/yQsz1IrWuy",2023-01-03 16:50:09+00:00
Posted on: 2022-12-28; at: 07:50,GRAFANA,"Join us January 11th for this webinar on reducing your observability TCO (total cost of ownership) with the Grafana Stack and keep a handle on your costs.

https://t.co/sLILoXv2UY https://t.co/8YEu0khjn7",2022-12-28 07:50:05+00:00
Posted on: 2022-12-26; at: 19:48,GRAFANA,"Determining the true value of a solution can become a difficult task when observability practitioners get caught up in the implementation details of their projects.  Join us January 10th for this webinar on Reducing your observability TCO.
https://t.co/pkguviwScX https://t.co/Fp49ZP4dw3",2022-12-26 19:48:05+00:00
Posted on: 2022-12-19; at: 18:13,GRAFANA,"The move to cloud native and microservice-based architectures has led to an explosion in the volume of logs. Join us Jan 25 for this webinar on scaling and securing your logs.  Learn about Grafana Loki and what sets it apart from other logging solutions.
https://t.co/uifVAyFdkM https://t.co/FSmmhAbuDq",2022-12-19 18:13:07+00:00
Posted on: 2022-12-14; at: 18:27,GRAFANA,"We‚Äôre proud to share that Grafana‚Äôs ‚ÄúBig Tent‚Äù podcast has been nominated for Best DevOps Related Podcast Series in the DevOps Dozen Awards!  Check out the nominees and vote at https://t.co/O0YA07D6He

Learn more about The Big Tent podcast here:
https://t.co/vSg2XN6ioY https://t.co/2dm3YNRiyV",2022-12-14 18:27:06+00:00
Posted on: 2022-12-13; at: 20:22,GRAFANA,"Join us tomorrow, December 14 for this webinar on Logging with Grafana Loki covering essential configuration settings.  This webinar is a great follow on to our Getting started with logging and Grafana Loki which is available on demand.

https://t.co/v4uIs2sZ45 https://t.co/A0azBPxaV0",2022-12-13 20:22:06+00:00
Posted on: 2022-12-06; at: 08:46,GRAFANA,"Don't miss out!  We'll be hosting events throughout 2023 and assisting people around the world in their observability journey with the LGTM stack.  Sign up here and be alerted when events come to your region.

https://t.co/7KLf94k2tj",2022-12-06 08:46:00+00:00
Posted on: 2022-12-05; at: 21:50,GRAFANA,@vgsnv We encountered a farmer on his way to market.  In his cart he kept chickens caged to keep the grain he also hauled safely to market. The wheel broke though neither chickens or grain completed their journey.  (in major outages colocation can prevent you getting important metrics).,2022-12-05 21:50:35+00:00
Posted on: 2022-12-05; at: 14:27,GRAFANA,"Want to learn the ins and outs of configuring Grafana Loki?

Check out this upcoming webinar on December 14th and build on the knowledge shared in our ""Getting started with logging and Grafana Loki"" webinar which is available on-demand now.

https://t.co/v4uIs2sZ45 https://t.co/xOMxzv6Ubx",2022-12-05 14:27:06+00:00
Posted on: 2022-12-01; at: 21:59,GRAFANA,"@Toronto_Chad We wanted to follow up and let you know that Grafana 9.3.1 which fixes the Windows installer issues that previously prevented you from updating to 9.3.0 is now available for download.
https://t.co/tzxKnGLqkN",2022-12-01 21:59:18+00:00
Posted on: 2022-11-30; at: 18:37,GRAFANA,"#Kubernetes, paired with Prometheus monitoring and Grafana visualization and alerting, has transformed cloud native development. Check out this webinar and be sure to stop by booth #745 at AWS #Reinvent this week and ask us about Kubernetes monitoring. https://t.co/2SX6kqbhby https://t.co/Ud4pn5qX4s",2022-11-30 18:37:22+00:00
Posted on: 2022-11-29; at: 17:05,GRAFANA,"Distributed tracing is quickly becoming an invaluable part of a modern observability solution.  Join us tomorrow for this webinar and learn about how you can scale your distributed tracing with Grafana Tempo.
https://t.co/uLjwFxIbLV",2022-11-29 17:05:03+00:00
Posted on: 2022-11-29; at: 14:52,GRAFANA,"Check out this great webinar hosted by Isovalent, available on demand now and learn how Isovalent &amp; Grafana team up to provide powerful observability for service connectivity.

https://t.co/UgWuPYiI2T",2022-11-29 14:52:04+00:00
Posted on: 2022-11-28; at: 14:49,GRAFANA,"Grafana‚Äôs Loki is an open source project for logging aggregation.  In our December 8th webinar you‚Äôll hear about the key benefits of Loki and learn how to create metrics from logs and alert on your logs with powerful Prometheus-style alerting rules.
https://t.co/DMWBdGdEGc",2022-11-28 14:49:04+00:00
Posted on: 2021-09-22; at: 14:56,KSQLDB,"Driving company-wide event streaming and log-based change data capture at @boltapp, powered by @apachekafka,  ksqlDB, and @debezium. It's today's #StreamingAudio rewind: https://t.co/HcsRvrK67J",2021-09-22 14:56:49+00:00
Posted on: 2022-06-06; at: 15:24,KUBERNETESIO,"#Kubernetes v1.24 has introduced a new alpha-level feature that prevents unauthorized users from modifying the volume mode of a #PersistentVolumeClaim created from an existing VolumeSnapshot in the #Kubernetes cluster.

Check out more the blog! https://t.co/MeiKI5GwTr",2022-06-06 15:24:00+00:00
Posted on: 2022-08-24; at: 13:38,LIGHTDASH_DEVS,"Listen to @datumnite chat on the latest episode of Meet The Analytics Stack podcast on all things Lightdash, what we're building and why new data tooling is only useful if you can point to how it improves someone's quality of life! 
https://t.co/az1horTbEm",2022-08-24 13:38:43+00:00
Posted on: 2023-01-24; at: 15:59,MARIADB,"Change is good! üëç And #FinancialService institutions need change to compete with big #tech and #FinTech startups.

Tune into our webinar and learn how reimagined #DistributedSQL databases can level up transactions.
https://t.co/XlndEbaeOm",2023-01-24 15:59:30+00:00
Posted on: 2023-01-21; at: 16:24,MARIADB,"There‚Äôs a reason why #Nodejs has been a household name among #developers.

We dive into WHY and how to get started using #MariaDB‚Äôs Nodejs connector in our on-demand webinar.

Look out, #JavaScript ‚Äî Nodejs has taken things to a new level! 
https://t.co/I62jK61P71",2023-01-21 16:24:00+00:00
Posted on: 2023-01-19; at: 15:06,MARIADB,"Searching for the best deployment option?

Use our #MariaDB migration assessment tool to find out. You‚Äôll be migrating from #MySQL to MariaDB in no time.

Learn what to avoid, as well as migration best practice, in our on-demand webinar. üëÄ
https://t.co/59Wt7rJBXj",2023-01-19 15:06:08+00:00
Posted on: 2023-01-18; at: 18:44,MARIADB,"Your business is changing. It‚Äôs time to keep up. 

The key to keeping up is #data, that‚Äôs always up to date and accurate ‚Äî even when bad things happen. Watch our webinar to see how #DistributedSQL can help: https://t.co/2xpRQuQsnI.",2023-01-18 18:44:30+00:00
Posted on: 2023-01-16; at: 22:08,MARIADB,"Moving can be hard‚Ä¶ üöö

But not when it comes to moving your #database to the #cloud! üå•Ô∏è

See how simple it can be while also adding analytics ‚Äî it‚Äôs in our on-demand webinar! 
https://t.co/pXFjbDN8Q9",2023-01-16 22:08:30+00:00
Posted on: 2023-01-14; at: 18:19,MARIADB,"Take charge of your structured AND semi-structured #data with a hybrid data model. üí™

Discover in our on-demand webinar how #MariaDB‚Äôs #JSON capabilities can help you get your power back.
https://t.co/NyDjXAi4b7",2023-01-14 18:19:30+00:00
Posted on: 2023-01-13; at: 20:05,MARIADB,"To have a complete #DBaaS you need:
‚û°Ô∏è Fault tolerance
‚û°Ô∏è Elasticity
‚û°Ô∏è High availability

With #MariaDB #Xpand on Google Cloud, you get all of that and more. See in our on-demand webinar what it‚Äôs capable of. üëÄ

https://t.co/bRoXmCH6Qd https://t.co/888iTXZCcW",2023-01-13 20:05:30+00:00
Posted on: 2023-01-12; at: 18:56,MARIADB,"Columnar storage and #Python are here to solve your modern-day #DataScience and analytical problems. 

By combining both, #MariaDB can help you scale out massive analytical workloads.

Find out how in our on-demand webinar. https://t.co/9Dfwm6mu8W",2023-01-12 18:56:48+00:00
Posted on: 2023-01-11; at: 14:56,MARIADB,"Calling all #software companies (ISVs).

Join us on Wed., Jan. 25, for a LIVE webinar, where we discuss how you can save up to 10x on your underlying #database. You won‚Äôt want to miss it!
https://t.co/1gxDI6txWK",2023-01-11 14:56:32+00:00
Posted on: 2023-01-10; at: 22:48,MARIADB,"From schema design to cluster design and query performance, these all determine how well a #DistributedSQL performs.

Learn the ins and outs to optimize performance with our on-demand webinar.

Get ready to go beyond the basics! 
https://t.co/Q4xbH8NuO2",2023-01-10 22:48:00+00:00
Posted on: 2022-10-27; at: 16:01,MELTANODATA,"#TapToberfest2022 is almost at an end, and we‚Äôd love to see what you were able to work on!üôå Don‚Äôt worry, it doesn‚Äôt have to be perfect or completely finished. Reach out to Amanda on our #taptoberfest-2022 slack channel to find out more!

#meltano #elt #dataintegration #dataevent https://t.co/vhmc1QKohb",2022-10-27 16:01:04+00:00
Posted on: 2022-10-27; at: 00:00,MELTANODATA,"Talk about a productive week, way to go @pat_nadolny.üëè This is just one of the many achievements reported during our #TapToberfest2022 and we‚Äôre only halfway through! If you‚Äôd like to contribute, just make sure to register here: https://t.co/ZWkpfm2bIS 

#meltano #elt #dataevent https://t.co/1MKUgUk8mm",2022-10-27 00:00:10+00:00
Posted on: 2022-10-25; at: 14:30,MELTANODATA,"Are you already working in your #tap / #target masterpiece? You might find these tutorials helpful! You can find them in the homepage of https://t.co/G73SejRzNo üôå See you later and happy hacking!üêâüíú

#meltano #taptoberfest2022 #elt #dataintegration #dataevent #dataengineering https://t.co/79hp8tTSjL",2022-10-25 14:30:09+00:00
Posted on: 2022-10-21; at: 15:06,MELTANODATA,"What‚Äôs in it for you in our #TapToberfest2022? These are just some of the many advantages of participating in these types of events! Find out more and register here: https://t.co/ZWkpflKAki 

#meltano #taptoberfest #elt #dataintegration #dataevent https://t.co/KAutkn0WIg",2022-10-21 15:06:08+00:00
Posted on: 2022-10-19; at: 00:19,MELTANODATA,"How you‚Äôll sleep after securing your spot in #TapToberfest2022. üò¥üíú From October 24th to 28th, you‚Äôll be able to collaborate with other #Meltano enthusiasts in a week of building taps and targets. Register here! https://t.co/ZWkpfm2bIS 

#elt #dataintegration #dataevent https://t.co/zDpCHzNSGI",2022-10-19 00:19:01+00:00
Posted on: 2022-10-13; at: 16:04,MELTANODATA,"Every company needs to analyze their #data in order to make smart business decisions. @tayloramurphy, shared with the #TechLeaderTalk podcast valuable tips on analyzing your data, questions to consider and many more to help you grow your company. üí™  https://t.co/Y5SrlmbChP https://t.co/ZiQbyyzu5S",2022-10-13 16:04:03+00:00
Posted on: 2022-10-07; at: 16:33,MELTANODATA,"Registration is OPEN! You can now sign up to our #TapToberfest2022 to join other #Meltano enthusiasts for a week of building #taps and #targets and fun surprises. üôå Find out more and register here: https://t.co/ZWkpfm2bIS 

#elt #dataintegration #dataevent #dataengineering https://t.co/d9pUZh0ccs",2022-10-07 16:33:02+00:00
Posted on: 2022-09-28; at: 14:26,MELTANODATA,"Our DataOps Evangelist, @sbalnojan is giving a crash course on the pragmatic definition of the #DataMesh with @SubsurfaceComm today at 12:00pm AST. üôå Don‚Äôt miss out to get a quick introduction to these concepts! https://t.co/asG00aUmzu 

#meltano #dataevent #dataintegration https://t.co/OkATNbcM3O",2022-09-28 14:26:55+00:00
Posted on: 2022-09-27; at: 23:56,MELTANODATA,"Get your coding skills ready for this year‚Äôs #TapToberfest cause we‚Äôll have a week packed with activities, pairing sessions, networking and lots of surprises. ü§´üíú

Stay tuned for the next couple of days to register! 

#meltano #dataops #dataintegration #dataevent #dataplatform https://t.co/NzPUl0YdCa",2022-09-27 23:56:01+00:00
Posted on: 2023-01-26; at: 15:12,METABASE,"üí¨ We'll discuss:

- Business strategies for preventing churn
- Having end-to-end visibility over the entire customer journey
- Setting up a modern analytics stack and optimizing Metabase dashboards
- Making the most out of your Metabase reporting tool.

See you there!",2023-01-26 15:12:14+00:00
Posted on: 2022-10-12; at: 16:42,METABASE,"Join us next Thursday to hear Amogh sharing an electrifying tale of missing events and spreadsheet madness.

Make sure to RSVP üëá
https://t.co/GPaEBtI0yM",2022-10-12 16:42:48+00:00
Posted on: 2022-10-12; at: 16:42,METABASE,"The Data Horror Stories fireside chat is coming next week üéÉ

Meet one of our event‚Äôs guests - @amoghito, co-founder of @eeselapp, and previously a product manager at Atlassian and Intercom. üëá
https://t.co/GPaEBu09MU https://t.co/DMTkoOPWyD",2022-10-12 16:42:47+00:00
Posted on: 2022-10-12; at: 16:40,METABASE,"Join us next Thursday to hear Amogh sharing an electrifying tale of missing events and spreadsheet madness.
Make sure to RSVP üëá
https://t.co/YXrKKncAnn",2022-10-12 16:40:34+00:00
Posted on: 2023-01-24; at: 16:58,MYSQL,"[Webinar] Jan 26, 10AM PT. Learn how https://t.co/tY15Ie5Nlf leverages MySQL High Availability on OCI to turbocharge its Conversation AI engine. https://t.co/gQ6zkRP18R
#MySQL #MySQLHeatWave #AI #HighAvailability #Oraclecloud https://t.co/d4xFn4mgjp",2023-01-24 16:58:38+00:00
Posted on: 2023-01-18; at: 20:35,MYSQL,"[Live Webinar] Jan 19. 10AM PT. MySQL, JSON, &amp; YOU: Perfect together. Will show examples of using the JSON data type to store data in a table and use SQL commands to retrieve, filter, and sort that data. And more.https://t.co/QCEg7kofgX
#MySQL #JSON https://t.co/SuUjz7wlaI",2023-01-18 20:35:06+00:00
Posted on: 2023-01-16; at: 21:47,MYSQL,"[Live Webinar] JAN 18. 9AM PT. Learn how to build MySQL applications on AWS with OLTP, analytics, and machine learning. https://t.co/cIs1ntk87H
#MySQL #MySQLHeatWave #AWS #AmazonAurora #Amazonreshift https://t.co/F0AXtJWgGJ",2023-01-16 21:47:08+00:00
Posted on: 2023-01-16; at: 06:07,MYSQL,"[Live Webinar] Jan 17. 10AM CET. Introduction to MySQL HeatWave on AWS. Run transaction processing, analytics, and ML in one database service. No more ETL duplication between Aurora and Redshift for analytics. https://t.co/fq4EtkHYge
#MySQL #MySQLHeatWave #AWS https://t.co/wHDmdUS3li",2023-01-16 06:07:43+00:00
Posted on: 2023-01-05; at: 01:05,MYSQL,"[Live Webinar] Jan 11, 2023. 11AM SGT. TechXchange: MySQL HeatWave on AWS.  Run transaction processing, analytics, and ML in one database service. No more ETL duplication between Aurora and Redshift for analytics. Register now:https://t.co/rkCX3DiUFL #MySQL #AWS #MySQLHeatWave https://t.co/QkJiFDSvpj",2023-01-05 01:05:03+00:00
Posted on: 2022-12-28; at: 20:50,MYSQL,"[Best of 2022] See the MySQL 2022 highlights, including product releases, top new features, the best webinars, blogs, videos, customer references, and more. Subscribe to get your monthly MySQL newsletter in 2023. https://t.co/vpK2wqF4nh
#mysql #MySQLHeatWave #newsletter https://t.co/9shYB8gJca",2022-12-28 20:50:03+00:00
Posted on: 2022-12-06; at: 18:42,MYSQL,"[Live webinar] DEC 8, 10AM PT. Learn about the in-database machine learning capabilities of MySQL HeatWave. See how to fully automate; eliminate ETL; and how to explain predictions based on ML models. https://t.co/hr3uTsV4Cy
#mysql #MySQLHeatWave #MachineLearning #ML https://t.co/8ULdNx6ybE",2022-12-06 18:42:29+00:00
Posted on: 2022-11-30; at: 20:53,MYSQL,"[Blog] Learn how to connect to MySQL without using a password but by using a SSL certificate, known as X509. https://t.co/OPfzlh7r4C
#MySQL #SSLCertificate #databasesecurity https://t.co/K4KreL6U4E",2022-11-30 20:53:51+00:00
Posted on: 2022-11-28; at: 16:39,MYSQL,"[Webinar] Dec 1st, 10AM PT. Top Tips You Need to Learn about MySQL as a Beginner. Will cover essentials tools, tips to install, configure and manage the server, examples of query execution and more. https://t.co/kmhLBuVM4m https://t.co/lQqwSrs0KO",2022-11-28 16:39:03+00:00
Posted on: 2022-11-22; at: 05:46,MYSQL,"[Free In-person Event] MySQL Day London. NOV24. 9-4PM. Learn what's new with MySQL (AWS, Azure, Lakehouse). Guest speakers from BBC and Vodafone. Mingle with local experts. See full agenda: https://t.co/B3nBfBd7AI
#MySQL #MySQLHeatWave #Event #London #AWS #Azure https://t.co/XR1L6Dkzdh",2022-11-22 05:46:00+00:00
Posted on: 2022-11-21; at: 21:48,MYSQL,"[Live Webinar - APAC]  NOV 24. Learn how to easily migrate your MySQL databases to the cloud with MySQL HeatWave. Register now: https://t.co/NTq925iz62
#MySQL #MySQLHeatWave https://t.co/VFAZES5qiA",2022-11-21 21:48:31+00:00
Posted on: 2022-11-15; at: 04:43,MYSQL,"[Free Virtual Event - In French] NOV 16, 10-12H CEST. MySQL Cloud Day. Discover the latest news about MySQL HeatWave on OCI, AWS, Azure. Learn from Web-Konseil's experience. And more.
https://t.co/I7GSxDi2Qq::
#MySQL #MySQLHeatWave #AWS #Azure https://t.co/LSpOL6c0CB",2022-11-15 04:43:02+00:00
Posted on: 2022-11-14; at: 16:34,MYSQL,"[Live Webinar] NOV 16. 10AM PT. What's new with MySQL. Includes most important new features up to the latest 8.0.31 release. Discover their benefits and how to use them. https://t.co/y2UKtxmPSo
#MySQL #MySQLHeatWave #AWS #Azure https://t.co/D7nyWNcImJ",2022-11-14 16:34:37+00:00
Posted on: 2022-11-07; at: 17:51,MYSQL,"[Live Webinar] NOV 10. 9AM PT. Run transaction processing, analytics, and machine learning natively on AWS. Includes price/performance benchmarks, a demo and tips to get started. https://t.co/iM7RA7Wooi
#MySQL #MySQLHeatWave #AWS #cloud #clouddatabase https://t.co/I7ScQ9xIlh",2022-11-07 17:51:20+00:00
Posted on: 2022-11-02; at: 20:26,MYSQL,"[Live Webinar] in Korean. NOV 9. 10AM KST. Level UP to Enterprise Grade Security with MySQL.
https://t.co/jiGBvrY2Na https://t.co/wIKhfm41QL",2022-11-02 20:26:14+00:00
Posted on: 2022-11-01; at: 17:57,MYSQL,"[Webinar] NOV 3. 10AM PT. MySQL Security from Data Protection to Regulation Compliance. Discover the latest MySQL advanced features to achieve the highest levels of MySQL security. https://t.co/Rr8QR0JZr4
#MySQL #databasesecurity #GDPR #PCI #HIPAA https://t.co/cErIaVJzaK",2022-11-01 17:57:57+00:00
Posted on: 2022-10-24; at: 18:39,MYSQL,"[Webinar] OCT27. 10AM PT. Learn how to seamlessly migrate your on premises MySQL database to the cloud with MySQL HeatWave. https://t.co/dwWNt92HiU
#MySQL #MySQLHeatWave #Cloud #AWS #Oraclecloud https://t.co/2UZ9AIFmdR",2022-10-24 18:39:01+00:00
Posted on: 2022-10-10; at: 18:37,MYSQL,"[Webinar] OCT 13. 10AM PT. MySQL Performance Tuning. Will cover ways to analyze the instances' performance and share suggestions and best practices. https://t.co/crEyxPmNti
#MySQL #BestPractices #QueryPerformance https://t.co/B1nGtyYKk1",2022-10-10 18:37:54+00:00
Posted on: 2022-10-10; at: 13:51,MYSQL,"[Podcast] @LastWeekinAWS, Corey Quinn Takes MySQL HeatWave on AWS for a Test Drive. ""I‚Äôm really optimistic about what the launch of this service portends for Oracle.‚Äù https://t.co/n26f0Zey2m
#MySQL #MySQLHeatWave #AWS #Oracle",2022-10-10 13:51:00+00:00
Posted on: 2022-10-17; at: 21:26,MOTHERDUCK,"Dear all those @coalesceconf attendees with zoomorphic tendencies: you‚Äôll find @thetinot quacking away at the conference. Join his raft in NOLA, get to know each other and share your love of data. 

#DuckDB #DataEngineering #DataAnalytics",2022-10-17 21:26:13+00:00
Posted on: 2023-01-25; at: 18:37,MONTECARLODATA,"Data contracts=preventing service changes from making unwanted schema changes (yay!), but what if you rolled out contracts in the data warehouses? ü§îChad Sanderson shares what data teams can expect when implementing data contracts within the warehouse: https://t.co/TmqJG84XjG https://t.co/kpUdiA2EIF",2023-01-25 18:37:39+00:00
Posted on: 2023-01-05; at: 18:24,MONTECARLODATA,"In Denver on January 17th? Join us along with @fivetran, @HightouchData , and @SeattleDataGuy for an exclusive networking event with Adam Woods, the CEO at @choozle and architect of the company‚Äôs modern (and reliable!) data stack. Learn more: https://t.co/aoY2aguIDM https://t.co/Qgz2Tm4lJ2",2023-01-05 18:24:01+00:00
Posted on: 2022-12-27; at: 19:03,MSPOWERBI,"@ScholasticaOla We're rooting for you! If you decide to take the certification exam, we recommend checking out the free learning path and other resources that can be found on this page here: https://t.co/KyZyod4Z14",2022-12-27 19:03:30+00:00
Posted on: 2022-11-15; at: 05:14,NUMPY_TEAM,"The next NumPy Newcomers Hour will be held this Thurs, November 17th at 8 pm UTC.
Ross Barnowski, a NumPy maintainer and postdoc scholar at @UCBIDS, will talk about the content and maintenance of the /numpy-tutorials.
For more info about this event, visit: https://t.co/dJx8dAMCSM https://t.co/aT4HrIlCj8",2022-11-15 05:14:09+00:00
Posted on: 2022-09-19; at: 13:57,NUMPY_TEAM,"Our next Newcomers‚Äô Hour will be held this Thurs, Sept 22nd at 2 pm UTC. @marsbarlee, a @quansightai tech illustrator, invites you for a Design Jam to discuss what a NumPy contributor journey map should look like. 
For more info about this event, visit: https://t.co/zBtoBjBzvB https://t.co/BSPmH9Z2BJ",2022-09-19 13:57:29+00:00
Posted on: 2020-10-12; at: 19:54,NUMPY_TEAM,"We also see this event as an opportunity to connect with potential contributors, especially from groups underrepresented in STEM and open source. If you would like to learn about the various roles in the project and the types of work we do please join us at the event. 2/2",2020-10-12 19:54:07+00:00
Posted on: 2021-01-11; at: 13:49,PANDAS_DEV,Check out this webinar from @openteamsinc with one of our maintainers @jorisvdbossche on a few things going on in pandas land. Thanks @openteamsinc for organizing! https://t.co/yJyTdBRawi,2021-01-11 13:49:51+00:00
Posted on: 2023-01-25; at: 18:01,PYDATA,"Our new PyData Rome chapter will host its second Meetup event this Friday, January 27! Luigi Selmi will be leading a presentation on Copernicus Services and how to use this data to develop Jupyter Notebooks with Python

More info can be found here: https://t.co/PA5LGFZwcC https://t.co/darm9K4YBc",2023-01-25 18:01:33+00:00
Posted on: 2023-01-25; at: 17:34,PYDATA,"We‚Äôre reigniting üî•the #Boston chapter of PyData + we‚Äôre looking for folks who want to help organize! 

Organizers are involved in organizing events, member engagement activities and general group management. Application + meeting times in the form below:

https://t.co/7EyDUwIHdk https://t.co/CWGGWxo5xW",2023-01-25 17:34:31+00:00
Posted on: 2023-01-06; at: 20:30,PYDATA,"‚è∞ 1-Month countdown to the @PyDataSeattle CFP begins NOW ‚è∞

Join us this spring in beautiful Seattle for the return of our annual conference on April 26-28üåº

Call for proposals closes on February 6th: https://t.co/AMvMMJ8xqK https://t.co/PK4TH73yPo",2023-01-06 20:30:11+00:00
Posted on: 2022-12-03; at: 14:35,PYDATA,"Welcome to PyData Global day 3!
Attendees check out your email or Discord for event links!
#datascience #community #ai #python #DiversityAndInclusion 
https://t.co/l25XGuddtE https://t.co/fcai1sCueP",2022-12-03 14:35:57+00:00
Posted on: 2022-12-02; at: 12:31,PYDATA,"Attendees check your email or Discord for today's events!

https://t.co/l25XGtVCC6 https://t.co/cnPBatwDqW",2022-12-02 12:31:22+00:00
Posted on: 2022-11-30; at: 16:44,PYDATA,"PyData Global 2022 is a virtual conference organized by people dedicated to the #opensource #datascience community! Come and join your fellow #datascientists for three days of talks, sprints, workshops, and chances to socialize. https://t.co/l25XGuddtE https://t.co/7tmaMwyrqX",2022-11-30 16:44:11+00:00
Posted on: 2022-11-25; at: 14:21,PYDATA,"It is in the format of a short presentation (15 mins) on the state of the art in their area of expertise, and a discussion session afterward.

Main conference and tickets at https://t.co/l25XGtWarE",2022-11-25 14:21:20+00:00
Posted on: 2022-11-25; at: 14:21,PYDATA,"‚≠ï Before the main PyData Global conference, the committee runs an Expert Briefings series- these are presented by individuals who are key contributors to the PyData community and have extensive experience in their respective domains.",2022-11-25 14:21:20+00:00
Posted on: 2022-11-22; at: 23:33,PYDATA,"üì¢ PyData Global 2022 has several sprints aimed at, or approachable by new contributors! Find out more about the conference and purchase tickets at https://t.co/l25XGtVCC6 https://t.co/U8jV6kWhtU",2022-11-22 23:33:02+00:00
Posted on: 2022-11-26; at: 19:30,POSTGRESQL,News: Call for Proposals is open for Citus Con: An Event for Postgres 2023! https://t.co/i1AcNALJIZ,2022-11-26 19:30:03+00:00
Posted on: 2022-10-21; at: 16:00,POSTGRESQL,News: New podcast Postgres FM https://t.co/Y3S4PSEcqZ,2022-10-21 16:00:03+00:00
Posted on: 2022-09-13; at: 19:00,POSTGRESQL,News: pgBadger v12.0 released https://t.co/ENJ8rDbPCs,2022-09-13 19:00:02+00:00
Posted on: 2022-12-08; at: 18:42,PROJECTJUPYTER,"Do you have a great idea for a talk or poster for JupyterCon 2023? Make sure to get your proposals in before the December 15th deadline: https://t.co/UmAgOenzdB

We look forward to hearing about your ideas for the upcoming conference! https://t.co/rJmDXkO9sU",2022-12-08 18:42:57+00:00
Posted on: 2022-12-08; at: 09:47,PROJECTJUPYTER,"The conference will be held in person
In the beautiful city of Paris, no substitution
Were you'll find plenty of accommodations
So you can focus on the presentations and conversation 2/5",2022-12-08 09:47:40+00:00
Posted on: 2022-10-05; at: 22:04,PROJECTJUPYTER,"Exciting news about JupyterCon:
The long-awaited conference is back in the spring of 2023! 
We can't wait to bring everyone together for the return of this conference. Dates and location will be announced soon. https://t.co/Se7FvyWg2B",2022-10-05 22:04:46+00:00
Posted on: 2022-05-20; at: 16:33,PROJECTJUPYTER,Project Jupyter is excited to partner with the @PyData community for a sprint during the upcoming London conference! The sprint will be tackling JupyterLab issues ‚Äì all levels are welcomed. Check out the schedule below for full conference details https://t.co/mMwIIuNYlg,2022-05-20 16:33:29+00:00
Posted on: 2023-01-23; at: 15:36,PREFECTIO,"See how Prefect enabled PACC-certified DE John Kang to go from Excel+VBA scripts to fully orchestrated data pipelines. https://t.co/GOS1hVGblZ

üõ´  Register for NYC or other cities near you! https://t.co/zgBX7U3KkX

#dataengineering #learning #certification #NewYorkCity https://t.co/QRJriZdGMD",2023-01-23 15:36:33+00:00
Posted on: 2023-01-19; at: 23:03,PREFECTIO,"ICYMI @anna__geller joined the Adventures in DevOps podcast earlier this month to chat #Scheduling vs #EventDriven #DataPipelines

Listen to the episode and let us know what your data pipeline(s) looks like. 

https://t.co/SVSGGDU0mY",2023-01-19 23:03:47+00:00
Posted on: 2023-01-18; at: 21:16,PREFECTIO,"üîîToday we‚Äôre releasing Automations.

You can move beyond proactive scheduling-based approaches - into a world where your stack can react automatically and dynamically to observed events. 

https://t.co/LpS6L9xpJ9

#triggers #actions #observability #automation #dataengineering",2023-01-18 21:16:59+00:00
Posted on: 2023-01-10; at: 20:23,PREFECTIO,Shout out to our very own @anna__geller üéâ You won't want to miss this episode of @DevOpsPodcast üéß https://t.co/ifiTgwJ27B,2023-01-10 20:23:35+00:00
Posted on: 2022-11-10; at: 17:57,PREFECTIO,@gmiretti We first announced our open source launch at @PyDataDC so PyData conferences have always been special to us - thanks for the shoutout!,2022-11-10 17:57:28+00:00
Posted on: 2023-01-25; at: 23:00,SCYLLADB,"Want to learn how to build a #DynamoDB compatible apps that can be deployed anywhere you want? Our on-demand webinar provides a technical roadmap to help you get the most out of your current database infrastructure: https://t.co/7cvaBdfjez

#ScyllaDB #NoSQL https://t.co/TZAru6NLhQ",2023-01-25 23:00:56+00:00
Posted on: 2023-01-25; at: 19:01,SCYLLADB,"If you have scaling issues or concerns, do not miss our January 26 webinar with @TomerSand and @PeterCorless. They'll share how enterprise companies are beating scaling challenges and have an interactive Q&amp;A for you to participate in. https://t.co/gUKZwkAYmp

#ScyllaDB #NoSQL https://t.co/c1OVcbaj4k",2023-01-25 19:01:35+00:00
Posted on: 2023-01-20; at: 21:00,SCYLLADB,".@Percona Founder @PeterZaitsev will explain how database complexities are forever changing the way we look at systems and operations at our free #ScyllaDB Summit on February 15-16. Secure your spot at our virtual event today &gt; https://t.co/fPvNtt7PUC

#opensource #database https://t.co/j5vhWpJfBd",2023-01-20 21:00:09+00:00
Posted on: 2023-01-19; at: 16:03,SCYLLADB,"The #ScyllaDB Summit agenda is filled with talks from our open source users, commercial customers, and technical leaders and innovators. @PeterCorless shares what attendees can expect from our free and virtual two-day interactive conference. https://t.co/ivmiJJ7c40

#NoSQL",2023-01-19 16:03:53+00:00
Posted on: 2023-01-18; at: 19:01,SCYLLADB,"Join @TomerSand and @PeterCorless for a chat about navigating the technical ecosystem and database architectural challenges. They'll share lessons learned from #ScyllaDB, #PostgreSQL, #Cassandra, #Bigtable &amp; #DynamoDB during their free webinar on Jan. 26. https://t.co/gUKZwkAqwR https://t.co/CCWg4y1bf3",2023-01-18 19:01:35+00:00
Posted on: 2023-01-16; at: 19:01,SCYLLADB,"Experiencing traffic jams with your data? Pavel Emelyanov will describe how the data slowdown effect happens and what can be done to resolve it during a free webinar with @linuxfoundation on January 17. Secure your spot today &gt; https://t.co/06L0YEvXeN

#ScyllaDB https://t.co/ejiEiFLg38",2023-01-16 19:01:46+00:00
Posted on: 2023-01-13; at: 02:00,SCYLLADB,"At our free #ScyllaDB Summit, @thatDotinc's Director of Engineering, Matthew Cullum, will share how to build an event processing pipeline that scales to millions of events per second with sub-millisecond latencies. Don't miss this session; sign up today: https://t.co/zn3PN8xZk8 https://t.co/pnuVOT7wyT",2023-01-13 02:00:17+00:00
Posted on: 2023-01-12; at: 22:01,SCYLLADB,"Has your company's data flow ever slowed down for no apparent reason? Pavel Emelyanov will dive into this phenomenon that can impact computer networking or storage I/O during a free webinar with @linuxfoundation on January 17. Register today &gt; https://t.co/06L0YEvXeN

#ScyllaDB https://t.co/RR6aOvy5zi",2023-01-12 22:01:49+00:00
Posted on: 2023-01-10; at: 22:01,SCYLLADB,"Has your company's data flow ever slowed down for no apparent reason? Pavel Emelyanov will dive into this phenomenon that can impact computer networking or storage I/O during a free webinar with @linuxfoundation on January 17. Register today &gt; https://t.co/06L0YEvXeN

#ScyllaDB https://t.co/XrTZCXjdH9",2023-01-10 22:01:40+00:00
Posted on: 2023-01-05; at: 16:03,SCYLLADB,"Has your company's data flow ever slowed down for no apparent reason? Pavel Emelyanov will dive into this phenomenon that can impact computer networking or storage I/O during a free webinar with @linuxfoundation on January 17. Register today &gt; https://t.co/06L0YEvXeN

#ScyllaDB https://t.co/ST6YdRhUWf",2023-01-05 16:03:30+00:00
Posted on: 2023-01-23; at: 22:00,SNOWFLAKEDB,"Marketing data integration gives you unparalleled visibility into the overall impact of a campaign, event or other marketing effort. 

So no wonder it was one of the top use cases discovered when Snowflake analyzed usage patterns for over 6,000 customers https://t.co/JMqan19Iaj",2023-01-23 22:00:06+00:00
Posted on: 2023-01-18; at: 17:01,SNOWFLAKEDB,"#SnowflakeSummit¬†2023 is happening from June 26-29 in Las Vegas, and we've created some fantastic partnership opportunities for all of our valuable partners! Reserve your spot to ensure you're at the biggest Snowflake event of the year¬†https://t.co/wR0O1ecv5Q https://t.co/Og2bQXucpd",2023-01-18 17:01:24+00:00
Posted on: 2023-01-04; at: 18:00,SNOWFLAKEDB,"üì¢ Snowflake is calling all Data Analysts! 

The BETA registration has opened for the SnowPro Advanced: Data Analyst Certification (with a reduced fee to boot!) 

Check out the link to learn more: https://t.co/FrIb2AASBU https://t.co/zNd3c9zo9p",2023-01-04 18:00:19+00:00
Posted on: 2023-01-23; at: 17:00,SQLSERVER,Check out this new Microsoft Certification to prove your database administration skills span from on-premises to the #Cloud: https://t.co/Zl2B9gRVyS https://t.co/DmDZC5WjVD,2023-01-23 17:00:02+00:00
Posted on: 2022-12-05; at: 20:00,SQLSERVER,"Modernize your data platform on your terms.

Register for the webinar to get product demos and learn about new features in #AzureSQL Managed Instance that provide increased flexibility: https://t.co/aGrpcIdQNt https://t.co/4OLhzZeM2l",2022-12-05 20:00:01+00:00
Posted on: 2022-11-17; at: 00:00,SQLSERVER,Learn more about the various ways to connect and run SQL Server with #Azure in Bob Ward‚Äôs session on December 7 at the Azure + AI Conference: https://t.co/nXEQ3G6NHV https://t.co/yb1dWg8c4p,2022-11-17 00:00:00+00:00
Posted on: 2022-11-10; at: 18:30,SQLSERVER,"üîëüéµ Heads up!

Rohan Kumar‚ÄîCorporate Vice President, Azure Data‚Äîgives a preview of his #PASSDataCommunitySummit 2022 keynote on the blog. Read about what's coming and register for the event on November 16: https://t.co/QzgGu0ZTxt #SQLServer #AzureSQL https://t.co/m33I0anhjw",2022-11-10 18:30:02+00:00
Posted on: 2022-11-05; at: 16:00,SQLSERVER,"On-demand webinar alert! üö®

Tune in to:
‚úîÔ∏è Understand optimal scenarios for SQL Managed Instance
‚úîÔ∏è See demos of real performance gains
‚úîÔ∏è Learn about modern cloud authentication (without changing your apps!)

Register: https://t.co/CcFBd9LVgu #AzureSQL #SQLServer",2022-11-05 16:00:04+00:00
Posted on: 2022-09-24; at: 18:43,SQLSERVER,"@edgaracostahe Hello there, we'll translate to the best of our ability, but can only respond in English. You can find our certifications and exams here: https://t.co/0UAAWyJQ53",2022-09-24 18:43:56+00:00
Posted on: 2023-01-26; at: 00:46,TABLEAU,"Share your data chops at Tableau Conference 2023.

The Call for Participation opens in early February‚Äîyour chance to submit a session proposal and nominate yourself or leaders to speak at TC23. #Data23

Sign up to be the first to know. https://t.co/VkCVLvvGax https://t.co/bswi5GOv7G",2023-01-26 00:46:53+00:00
Posted on: 2023-01-24; at: 19:01,TABLEAU,"The stories we tell with data have impact. Inspired by the Do No Harm Guide developed by @urbaninstitute, take the badge to learn how to present data more equitably and inclusively. https://t.co/yQ3kCvcd91 https://t.co/FdajJgEHTu",2023-01-24 19:01:03+00:00
Posted on: 2023-01-19; at: 21:00,TABLEAU,Fast track you Tableau Certification at #TDX23. Register for bootcamp for three days of learning with your developer community led by Tableau experts. https://t.co/ukKxUVhEl8 https://t.co/2OmaSe9iUu,2023-01-19 21:00:24+00:00
Posted on: 2023-01-13; at: 21:07,TABLEAU,"The #DataFam Roundup brings together the latest data tips, visualizations, and events from the Tableau Community. 

Learn something new from the DataFam: https://t.co/fXLdCAN7CM https://t.co/1C4Rbg2LCN",2023-01-13 21:07:59+00:00
Posted on: 2023-01-11; at: 02:29,TABLEAU,"We agree, #DataFam: 3 &gt; 2.

Join data leaders and viz whizzes for three days of learning and connection at Tableau Conference, May 9-11, 2023. #Data23

https://t.co/VkCVLvvGax https://t.co/nhly3K7Hs6",2023-01-11 02:29:34+00:00
Posted on: 2022-12-27; at: 15:00,TABLEAU,"The time is ticking, Tableau Developers‚Äîsave BIG on the ultimate learning experience at #TDX23. Register within the next 7 days to secure the lowest price on your full-conference pass. https://t.co/6FA4M9FOTb https://t.co/QHfQuPPO54",2022-12-27 15:00:31+00:00
Posted on: 2022-12-21; at: 21:50,TABLEAU,"Save the data!

Get ready for the most wonderful time of the year! Mark your calendars to connect with the #DataFam at Tableau Conference: May 9-10, 2023. #Data23

https://t.co/VkCVLvv8kZ https://t.co/arm6283mW2",2022-12-21 21:50:11+00:00
Posted on: 2022-11-29; at: 18:15,THECUBEJS,"Sorry for the typoü§¶, the workshop date is December 7 as it shows on the event page.",2022-11-29 18:15:38+00:00
Posted on: 2022-11-29; at: 16:37,THECUBEJS,"We're excited that @DigitalLuiggi from @metabase will be joining us for our workshop on December 8 to discuss building modern and open source analytics solutions with @thecubejs  üöÄ

Reserve your spot for the event at https://t.co/ycUFHdXIpU üëàüèΩ https://t.co/oU6hkvweos",2022-11-29 16:37:01+00:00
Posted on: 2022-10-27; at: 16:29,THECUBEJS,We're also hosting a webinar in December. Tune in to learn more about self-serve analytics with Cube and Metabase: https://t.co/aywXlsAWI4,2022-10-27 16:29:36+00:00
Posted on: 2022-10-03; at: 19:15,THECUBEJS,Join Cube's @igorlukanin and Preset's Shreesham Mukherjee at our joint 60-minute webinar tomorrow. We'll respectfully unbundle Looker and demo Cube with Apache Superset ‚Üì https://t.co/N0QJzCDEkQ,2022-10-03 19:15:17+00:00
Posted on: 2022-09-28; at: 15:28,THECUBEJS,"We promise, it's going to be just as cozy as the recent Data, Dev &amp; Drive in-person event but Luka Lovosevic and Igor Lukanin @igorlukanin have prepared something great demos, too https://t.co/vseMA3nHkt",2022-09-28 15:28:48+00:00
Posted on: 2022-09-28; at: 15:28,THECUBEJS,"Join Cube and @FireboltHQ at our webinar on building lightning-fast data apps ‚ö°Ô∏è‚ö°Ô∏è‚ö°Ô∏è

Hurry up, we're kicking it off in 30 minutes!

https://t.co/u8eF1Tizfr",2022-09-28 15:28:45+00:00
Posted on: 2023-01-19; at: 03:30,THOUGHTSPOT,"You heard it here first, dashboards are dead.

Find out why and more importantly how you can deliver a better live analytics experience to your users. Tune into our webinar happening on Asia Pacific time zone, 3 pm AEDT 31 January. 
RSVP here:
https://t.co/3AXgCUYPGc https://t.co/2lu5iBgwMP",2023-01-19 03:30:00+00:00
Posted on: 2023-01-11; at: 20:50,THOUGHTSPOT,"Catch up with @BIscorecard as she reflects on #TheDataChief‚Äôs top hits for 2022‚Äî #podcast edition. 

Thank you to all of our guests and listeners who made season 3 a success!¬† https://t.co/kB5w3KGKdh https://t.co/Jr4DhZxXGE",2023-01-11 20:50:29+00:00
Posted on: 2023-01-05; at: 17:56,THOUGHTSPOT,Congratulations @BIScorecard and #TheDataChief team for being recognized by the @dataliteracycom &amp; @DataRemixed community as 2022's most interesting data podcast. Here's to many more insightful discussions with today's modern data leaders üèÜüëè https://t.co/qnFcZeqa8I,2023-01-05 17:56:12+00:00
Posted on: 2022-12-14; at: 07:30,THOUGHTSPOT,"We're back with the #WinterCodex2022 hackathon, and can't wait to see some of the ideas and demos from our #spotters across our global offices. Here‚Äôs how the teams are bonding during our semi-annual hackathon event. Stay tuned for more updates!
#LifeAtThoughtSpot https://t.co/1XmTLMhl4A",2022-12-14 07:30:50+00:00
